{"cameraMode":{"drawMode":0,"name":"Shaded","section":"Shading Mode"},"sceneLighting":true,"audioPlay":false,"sceneViewState":{"showFog":true,"showMaterialUpdate":false,"showSkybox":true,"showFlares":true,"showImageEffects":true,"showParticleSystems":true},"in2DMode":false,"pivot":{"x":-65.33029174804688,"y":-175.16929626464845,"z":239.26914978027345},"rotation":{"x":-0.11071719229221344,"y":0.12483638525009155,"z":-0.014700714498758316,"w":-0.9860838055610657},"size":161.8679962158203,"orthographic":false}