{"cameraMode":{"drawMode":0,"name":"Shaded","section":"Shading Mode"},"sceneLighting":true,"audioPlay":false,"sceneViewState":{"showFog":true,"showMaterialUpdate":false,"showSkybox":true,"showFlares":true,"showImageEffects":true,"showParticleSystems":true},"in2DMode":false,"pivot":{"x":79.48933410644531,"y":215.9287109375,"z":4.298736572265625},"rotation":{"x":0.06327514350414276,"y":0.002402121899649501,"z":0.00043058296432718635,"w":0.9981195330619812},"size":87.36307525634766,"orthographic":false}