{"cameraMode":{"drawMode":0,"name":"Shaded","section":"Shading Mode"},"sceneLighting":true,"audioPlay":false,"sceneViewState":{"showFog":true,"showMaterialUpdate":false,"showSkybox":true,"showFlares":true,"showImageEffects":true,"showParticleSystems":true},"in2DMode":false,"pivot":{"x":7.976419925689697,"y":23.149564743041993,"z":5.958144664764404},"rotation":{"x":0.1669684797525406,"y":-0.14927925169467927,"z":0.026220617815852166,"w":0.9743627309799194},"size":7.350549221038818,"orthographic":false}