{"cameraMode":{"drawMode":0,"name":"Shaded","section":"Shading Mode"},"sceneLighting":false,"audioPlay":false,"sceneViewState":{"showFog":true,"showMaterialUpdate":false,"showSkybox":false,"showFlares":true,"showImageEffects":true,"showParticleSystems":true},"in2DMode":false,"pivot":{"x":22.939300537109376,"y":-6.5022292137146,"z":5.086833953857422},"rotation":{"x":0.19525830447673798,"y":0.5882837772369385,"z":-0.14848868548870088,"w":0.7706806659698486},"size":24.201297760009767,"orthographic":false}