{"cameraMode":{"drawMode":0,"name":"Shaded","section":"Shading Mode"},"sceneLighting":true,"audioPlay":false,"sceneViewState":{"showFog":true,"showMaterialUpdate":false,"showSkybox":true,"showFlares":true,"showImageEffects":true,"showParticleSystems":true},"in2DMode":false,"pivot":{"x":6.195448875427246,"y":-10.649816513061524,"z":7.807163238525391},"rotation":{"x":0.14789439737796784,"y":0.13534092903137208,"z":-0.01963469199836254,"w":0.97975093126297},"size":31.22406578063965,"orthographic":false}