{"cameraMode":{"drawMode":0,"name":"Shaded","section":"Shading Mode"},"sceneLighting":true,"audioPlay":false,"sceneViewState":{"showFog":true,"showMaterialUpdate":false,"showSkybox":true,"showFlares":true,"showImageEffects":true,"showParticleSystems":true},"in2DMode":false,"pivot":{"x":1.745743751525879,"y":-6.232038497924805,"z":-21.425804138183595},"rotation":{"x":-0.17082345485687257,"y":-0.16103331744670869,"z":0.026723865419626237,"w":-0.97199547290802},"size":24.1091365814209,"orthographic":false}