{"cameraMode":{"drawMode":0,"name":"Shaded","section":"Shading Mode"},"sceneLighting":true,"audioPlay":false,"sceneViewState":{"showFog":true,"showMaterialUpdate":false,"showSkybox":true,"showFlares":true,"showImageEffects":true,"showParticleSystems":true},"in2DMode":false,"pivot":{"x":22.834819793701173,"y":-8.00633716583252,"z":3.964151620864868},"rotation":{"x":0.14789439737796784,"y":0.13534092903137208,"z":-0.01963469199836254,"w":0.97975093126297},"size":29.05032730102539,"orthographic":false}