{"cameraMode":{"drawMode":0,"name":"Shaded","section":"Shading Mode"},"sceneLighting":true,"audioPlay":false,"sceneViewState":{"showFog":true,"showMaterialUpdate":false,"showSkybox":true,"showFlares":true,"showImageEffects":true,"showParticleSystems":true},"in2DMode":false,"pivot":{"x":30.350940704345704,"y":-13.392305374145508,"z":26.55048942565918},"rotation":{"x":0.18749602138996125,"y":0.3225925862789154,"z":-0.06514962762594223,"w":0.925554633140564},"size":38.51057815551758,"orthographic":false}