{"cameraMode":{"drawMode":0,"name":"Shaded","section":"Shading Mode"},"sceneLighting":false,"audioPlay":false,"sceneViewState":{"showFog":true,"showMaterialUpdate":false,"showSkybox":false,"showFlares":true,"showImageEffects":true,"showParticleSystems":true},"in2DMode":false,"pivot":{"x":28.570465087890626,"y":1.0902591943740845,"z":8.912882804870606},"rotation":{"x":0.08658318221569061,"y":0.581779956817627,"z":-0.062205832451581958,"w":0.8064154982566834},"size":24.960533142089845,"orthographic":false}