{"cameraMode":{"drawMode":0,"name":"Shaded","section":"Shading Mode"},"sceneLighting":true,"audioPlay":false,"sceneViewState":{"showFog":true,"showMaterialUpdate":false,"showSkybox":true,"showFlares":true,"showImageEffects":true,"showParticleSystems":true},"in2DMode":false,"pivot":{"x":13.523490905761719,"y":48.91465759277344,"z":-55.173133850097659},"rotation":{"x":-0.06898722052574158,"y":-0.08757825195789337,"z":0.006076977588236332,"w":-0.9937543869018555},"size":494.4281005859375,"orthographic":false}