{"cameraMode":{"drawMode":0,"name":"Shaded","section":"Shading Mode"},"sceneLighting":true,"audioPlay":false,"sceneViewState":{"showFog":true,"showMaterialUpdate":false,"showSkybox":true,"showFlares":true,"showImageEffects":true,"showParticleSystems":true},"in2DMode":false,"pivot":{"x":-3.0553927421569826,"y":-3.3637943267822267,"z":6.970733642578125},"rotation":{"x":-0.08869245648384094,"y":0.003583204699680209,"z":-0.00031890280661173165,"w":-0.9960542321205139},"size":36.689369201660159,"orthographic":false}