{"cameraMode":{"drawMode":0,"name":"Shaded","section":"Shading Mode"},"sceneLighting":true,"audioPlay":false,"sceneViewState":{"showFog":true,"showMaterialUpdate":false,"showSkybox":true,"showFlares":true,"showImageEffects":true,"showParticleSystems":true},"in2DMode":false,"pivot":{"x":0.3950711488723755,"y":8.298757553100586,"z":-5.399204254150391},"rotation":{"x":-0.26370304822921755,"y":0.11454952508211136,"z":-0.03155612200498581,"w":-0.9572613835334778},"size":13.969311714172364,"orthographic":false}