{"cameraMode":{"drawMode":0,"name":"Shaded","section":"Shading Mode"},"sceneLighting":true,"audioPlay":false,"sceneViewState":{"showFog":true,"showMaterialUpdate":false,"showSkybox":true,"showFlares":true,"showImageEffects":true,"showParticleSystems":true},"in2DMode":false,"pivot":{"x":84.33499145507813,"y":278.97998046875,"z":0.0},"rotation":{"x":-0.05428177863359451,"y":0.006587617099285126,"z":-0.00035802542697638273,"w":-0.9985053539276123},"size":56.46070861816406,"orthographic":false}