{"cameraMode":{"drawMode":0,"name":"Shaded","section":"Shading Mode"},"sceneLighting":true,"audioPlay":false,"sceneViewState":{"showFog":true,"showMaterialUpdate":false,"showSkybox":true,"showFlares":true,"showImageEffects":true,"showParticleSystems":true},"in2DMode":false,"pivot":{"x":5.591136932373047,"y":-19.51508331298828,"z":1.4882774353027344},"rotation":{"x":0.21050159633159638,"y":0.5221636891365051,"z":-0.13424228131771089,"w":0.8155997395515442},"size":26.428421020507814,"orthographic":false}